Title,Price,Rating
Sharp Objects,£47.82,Four Star
"In a Dark, Dark ...",£19.63,One Star
The Past Never Ends,£56.50,Four Star
A Murder in Time,£16.64,One Star
The Murder of Roger ...,£44.10,Four Star
The Last Mile (Amos ...,£54.21,Two Star
That Darkness (Gardiner and ...,£13.92,One Star
Tastes Like Fear (DI ...,£10.69,One Star
A Time of Torment ...,£48.35,Five Star
A Study in Scarlet ...,£16.73,Two Star
Poisonous (Max Revere Novels ...,£26.80,Three Star
Murder at the 42nd ...,£54.36,Four Star
Most Wanted,£35.28,Three Star
Hide Away (Eve Duncan ...,£11.84,One Star
Boar Island (Anna Pigeon ...,£59.48,Three Star
The Widow,£27.26,Two Star
Playing with Fire,£13.71,Three Star
What Happened on Beale ...,£25.37,Five Star
The Bachelor Girl's Guide ...,£52.30,Five Star
Delivering the Truth (Quaker ...,£20.89,Four Star
The Mysterious Affair at ...,£24.80,Four Star
In the Woods (Dublin ...,£38.38,Two Star
The Silkworm (Cormoran Strike ...,£23.05,Five Star
The Exiled,£43.45,Three Star
The Cuckoo's Calling (Cormoran ...,£19.21,One Star
Extreme Prey (Lucas Davenport ...,£25.40,Three Star
Career of Evil (Cormoran ...,£24.72,Two Star
The No. 1 Ladies' ...,£57.70,Four Star
The Girl You Lost,£12.29,Five Star
The Girl In The ...,£15.85,Three Star
Blood Defense (Samantha Brinkman ...,£20.30,Three Star
1st to Die (Women's ...,£53.98,One Star
Tipping the Velvet,£53.74,One Star
Forever and Forever: The ...,£29.69,Three Star
A Flight of Arrows ...,£55.53,Five Star
The House by the ...,£36.95,One Star
Mrs. Houdini,£30.25,Five Star
The Marriage of Opposites,£28.08,Four Star
Glory over Everything: Beyond ...,£45.84,Three Star
"Love, Lies and Spies",£20.55,Two Star
A Paris Apartment,£39.01,Four Star
Lilac Girls,£17.28,Two Star
The Constant Princess (The ...,£16.62,Three Star
The Invention of Wings,£37.34,One Star
World Without End (The ...,£32.97,Four Star
The Passion of Dolssa,£28.32,Five Star
Girl With a Pearl ...,£26.77,One Star
Voyager (Outlander #3),£21.07,Five Star
The Red Tent,£35.66,Five Star
The Last Painting of ...,£55.55,Two Star
The Guernsey Literary and ...,£49.53,One Star
Girl in the Blue ...,£46.83,Two Star
Between Shades of Gray,£20.79,Five Star
While You Were Mine,£41.32,Five Star
The Secret Healer,£34.56,Three Star
Starlark,£25.83,Three Star
Lost Among the Living,£27.70,Four Star
A Spy's Devotion (The ...,£16.97,Five Star
Scott Pilgrim's Precious Little ...,£52.29,Five Star
Tsubasa: WoRLD CHRoNiCLE 2 ...,£16.28,One Star
This One Summer,£19.49,Four Star
The Nameless City (The ...,£38.16,Four Star
"Saga, Volume 5 (Saga ...",£51.04,Two Star
"Rat Queens, Vol. 3: ...",£50.40,Three Star
"Princess Jellyfish 2-in-1 Omnibus, ...",£13.61,Five Star
"Pop Gun War, Volume ...",£18.97,One Star
Patience,£10.16,Three Star
"Outcast, Vol. 1: A ...",£15.44,Four Star
orange: The Complete Collection ...,£48.41,One Star
"Lumberjanes, Vol. 2: Friendship ...",£46.91,Two Star
"Lumberjanes, Vol. 1: Beware ...",£45.61,Three Star
Lumberjanes Vol. 3: A ...,£19.92,Two Star
"I Hate Fairyland, Vol. ...",£29.17,Two Star
I am a Hero ...,£54.63,Three Star
"Giant Days, Vol. 2 ...",£22.11,Two Star
Danganronpa Volume 1,£51.99,Four Star
"Codename Baboushka, Volume 1: ...",£36.72,Four Star
Camp Midnight,£17.08,Four Star
"Bitch Planet, Vol. 1: ...",£37.92,Two Star
The Shadow Hero (The ...,£33.14,One Star
"Fables, Vol. 1: Legends ...",£41.62,Four Star
Batman: The Long Halloween ...,£36.50,Two Star
Batman: The Dark Knight ...,£15.38,Five Star
"Wonder Woman: Earth One, ...",£37.34,Four Star
"We Are Robin, Vol. ...",£53.90,One Star
Through the Woods,£25.38,Two Star
Superman Vol. 1: Before ...,£11.89,Five Star
"So Cute It Hurts!!, ...",£35.43,Four Star
Robin War,£47.82,Three Star
"Red Hood/Arsenal, Vol. 1: ...",£25.48,Two Star
"Naruto (3-in-1 Edition), Vol. ...",£38.39,Two Star
Lowriders to the Center ...,£51.51,Two Star
El Deafo,£57.62,Five Star
Batman: Europa,£32.01,Two Star
Art Ops Vol. 1,£48.80,Three Star
Adulthood Is a Myth: ...,£10.90,Two Star
"Fruits Basket, Vol. 9 ...",£33.95,Four Star
Roller Girl,£14.10,Five Star
"Fruits Basket, Vol. 7 ...",£19.57,One Star
"Fruits Basket, Vol. 6 ...",£20.96,Four Star
"Death Note, Vol. 6: ...",£36.39,Three Star
"Fruits Basket, Vol. 5 ...",£16.33,One Star
"Death Note, Vol. 5: ...",£52.41,One Star
The Demon Prince of ...,£27.88,Two Star
"Fruits Basket, Vol. 4 ...",£50.44,Four Star
The Wicked + The ...,£14.41,Three Star
"The Sandman, Vol. 3: ...",£55.55,Five Star
"Saga, Volume 3 (Saga ...",£21.57,Five Star
Prodigy: The Graphic Novel ...,£43.63,Three Star
Persepolis: The Story of ...,£39.13,One Star
Original Fake,£31.45,Three Star
"Grayson, Vol 3: Nemesis ...",£42.72,One Star
"Fruits Basket, Vol. 3 ...",£45.17,Two Star
"Black Butler, Vol. 1 ...",£49.31,One Star
Awkward,£38.02,Two Star
"The Sandman, Vol. 2: ...",£54.81,One Star
"Saga, Volume 2 (Saga ...",£11.75,Three Star
"Fruits Basket, Vol. 2 ...",£11.64,Five Star
"Y: The Last Man, ...",£18.51,Four Star
The Wicked + The ...,£36.52,Two Star
"The Sandman, Vol. 1: ...",£54.12,Three Star
The Complete Maus (Maus ...,£10.64,Three Star
"Skip Beat!, Vol. 01 ...",£42.12,Three Star
"Saga, Volume 1 (Saga ...",£28.48,One Star
"Rat Queens, Vol. 1: ...",£46.96,Five Star
"Paper Girls, Vol. 1 ...",£21.71,Four Star
Ouran High School Host ...,£29.87,Three Star
"Ms. Marvel, Vol. 1: ...",£39.39,Four Star
"Hawkeye, Vol. 1: My ...",£45.24,Three Star
"Giant Days, Vol. 1 ...",£56.76,Four Star
"Fruits Basket, Vol. 1 ...",£40.28,Five Star
"Bleach, Vol. 1: Strawberry ...",£34.65,Five Star
"Ajin: Demi-Human, Volume 1 ...",£57.06,Four Star
Chase Me (Paris Nights ...,£25.27,Five Star
Black Dust,£34.53,Five Star
Her Backup Boyfriend (The ...,£33.97,One Star
First and First (Five ...,£15.97,Four Star
Fifty Shades Darker (Fifty ...,£21.96,One Star
The Wedding Dress,£24.12,One Star
Suddenly in Love (Lake ...,£55.99,Two Star
Something More Than This,£16.24,Four Star
Doing It Over (Most ...,£35.61,Three Star
The Wedding Pact (The ...,£32.61,Three Star
Hold Your Breath (Search ...,£28.82,One Star
Dirty (Dive Bar #1),£40.83,Four Star
Take Me Home Tonight ...,£53.98,Three Star
Off the Hook (Fishing ...,£47.67,Three Star
A Gentleman's Position (Society ...,£14.75,Five Star
"Sit, Stay, Love",£20.90,Three Star
A Girl's Guide to ...,£31.30,One Star
The Perfect Play (Play ...,£59.99,Three Star
Dark Lover (Black Dagger ...,£12.87,One Star
Changing the Game (Play ...,£13.38,Three Star
A Walk to Remember,£56.43,One Star
The Purest Hook (Second ...,£12.25,One Star
The Obsession,£45.43,One Star
Reservations for Two,£11.10,Three Star
Best of My Love ...,£27.41,Two Star
Where Lightning Strikes (Bleeding ...,£39.77,Three Star
This One Moment (Pushing ...,£48.71,One Star
"Rhythm, Chord & Malykhin",£28.34,Two Star
My Perfect Mistake (Over ...,£38.92,Two Star
Listen to Me (Fusion ...,£58.99,Three Star
Imperfect Harmony,£34.74,Four Star
Fighting Fate (Fighting #6),£39.24,Three Star
Deep Under (Walker Security ...,£47.09,Five Star
Charity's Cross (Charles Towne ...,£41.24,One Star
Bounty (Colorado Mountain #7),£37.26,Four Star
Soumission,£50.10,One Star
Private Paris (Private #10),£47.61,Five Star
"We Love You, Charlie ...",£50.27,Five Star
Thirst,£17.27,Five Star
The Murder That Never ...,£54.11,Three Star
Tuesday Nights in 1980,£21.04,Two Star
The Vacationers,£42.15,Four Star
The Regional Office Is ...,£51.36,Five Star
Finders Keepers (Bill Hodges ...,£53.53,Five Star
The Time Keeper,£27.88,Five Star
The Testament of Mary,£52.67,Four Star
The First Hostage (J.B. ...,£25.85,Three Star
Take Me with You,£45.21,Three Star
Still Life with Bread ...,£26.41,Three Star
Shtum,£55.84,Four Star
My Name Is Lucy ...,£41.56,One Star
My Mrs. Brown,£24.48,Three Star
Mr. Mercedes (Bill Hodges ...,£28.90,One Star
I Am Pilgrim (Pilgrim ...,£10.60,Four Star
Eligible (The Austen Project ...,£27.09,Three Star
Eight Hundred Grapes,£14.39,Four Star
Dear Mr. Knightley,£11.21,Five Star
Cometh the Hour (The ...,£25.01,Three Star
Balloon Animals,£17.03,Three Star
A Man Called Ove,£39.72,One Star
The Silent Sister (Riley ...,£46.29,Five Star
The Dinner Party,£56.54,Two Star
The Improbability of Love,£59.45,One Star
Mothering Sunday,£13.34,Two Star
Lies and Other Acts ...,£45.14,One Star
Daredevils,£16.34,Three Star
11/22/63,£48.48,Three Star
The Shack,£28.03,One Star
The High Mountains of ...,£51.15,One Star
Miller's Valley,£58.54,Two Star
Hystopia: A Novel,£21.96,Four Star
The Bourne Identity (Jason ...,£42.78,Four Star
Sister Dear,£40.20,Four Star
Memoirs of a Geisha,£49.67,Three Star
Me Before You (Me ...,£19.02,One Star
Deception Point,£40.32,Four Star
The Little Paris Bookshop,£24.73,Three Star
The Firm,£45.56,Three Star
The Expatriates,£44.58,Two Star
Siddhartha,£34.22,Five Star
Last One Home (New ...,£59.98,Three Star
Digital Fortress,£58.00,Five Star
Atlas Shrugged,£26.58,Five Star
Three-Martini Lunch,£23.21,Three Star
The Nightingale,£26.26,Four Star
The Infinities,£27.41,One Star
The Husband's Secret,£52.51,Five Star
The Da Vinci Code ...,£22.96,Two Star
The Art of Fielding,£22.10,One Star
Lila (Gilead #3),£12.47,Three Star
Jurassic Park (Jurassic Park ...,£44.97,One Star
Inferno (Robert Langdon #4),£41.00,Five Star
Crazy Rich Asians (Crazy ...,£49.13,Five Star
Big Little Lies,£22.11,One Star
The Course of Love,£16.78,Three Star
When I'm Gone,£51.96,Three Star
The Silent Wife,£12.34,Five Star
The Bette Davis Club,£30.66,Three Star
Kitchens of the Great ...,£57.20,Five Star
Bright Lines,£39.07,Five Star
Birdsong: A Story in ...,£54.64,Three Star
The Bear and the ...,£36.89,One Star
The Secret of Dreadwillow ...,£56.13,One Star
The White Cat and ...,£58.08,Four Star
Little Red,£13.47,Three Star
Walt Disney's Alice in ...,£12.96,Five Star
Twenty Yawns,£22.08,Two Star
Rain Fish,£23.57,Three Star
Once Was a Time,£18.28,Two Star
Luis Paints the World,£53.95,Three Star
Nap-a-Roo,£25.08,One Star
The Whale,£35.96,Four Star
"Shrunken Treasures: Literary Classics, ...",£52.87,Three Star
Raymie Nightingale,£34.41,Two Star
Playing from the Heart,£32.38,One Star
Maybe Something Beautiful: How ...,£22.54,One Star
The Wild Robot,£56.07,Three Star
The Thing About Jellyfish,£48.77,One Star
The Lonely Ones,£43.59,Five Star
The Day the Crayons ...,£26.33,Five Star
The Cat in the ...,£16.26,Two Star
Red: The True Story ...,£28.54,Three Star
Horrible Bear!,£37.52,Two Star
Green Eggs and Ham ...,£10.79,Four Star
Counting Thyme,£10.62,One Star
Are We There Yet?,£10.66,Three Star
Diary of a Minecraft ...,£52.88,Four Star
Matilda,£28.34,One Star
Charlie and the Chocolate ...,£22.85,Three Star
Worlds Elsewhere: Journeys Around ...,£40.30,Five Star
The Five Love Languages: ...,£31.05,Three Star
Reasons to Stay Alive,£26.41,Two Star
#HigherSelfie: Wake Up Your ...,£23.11,Five Star
Unseen City: The Majesty ...,£44.18,Four Star
Throwing Rocks at the ...,£31.12,Three Star
The Life-Changing Magic of ...,£16.77,Three Star
The Gutsy Girl: Escapades ...,£37.13,One Star
The Electric Pencil: Drawings ...,£56.06,One Star
Spark Joy: An Illustrated ...,£41.83,Four Star
Reskilling America: Learning to ...,£19.83,Two Star
In the Country We ...,£22.00,Four Star
Everydata: The Misinformation Hidden ...,£54.35,Two Star
Call the Nurse: True ...,£29.14,Five Star
Algorithms to Live By: ...,£30.81,One Star
The Power of Now: ...,£43.54,Two Star
The Omnivore's Dilemma: A ...,£38.21,Two Star
The Genius of Birds,£17.24,One Star
The Artist's Way: A ...,£38.49,Five Star
So You've Been Publicly ...,£12.23,Two Star
Daring Greatly: How the ...,£19.43,Three Star
Big Magic: Creative Living ...,£30.80,Three Star
Becoming Wise: An Inquiry ...,£27.43,Two Star
Agnostic: A Spirited Manifesto,£12.51,Five Star
Whole Lotta Creativity Going ...,£38.20,Four Star
What's It Like in ...,£19.60,Two Star
The Year of Magical ...,£43.04,Two Star
The Literature Book (Big ...,£17.43,Three Star
The Bad-Ass Librarians of ...,£15.77,One Star
Swell: A Year of ...,£45.58,One Star
No Dream Is Too ...,£21.95,Two Star
Looking for Lovely: Collecting ...,£29.14,Five Star
Let It Out: A ...,£26.79,Five Star
Hamilton: The Revolution,£58.79,Three Star
Far & Away: Places ...,£15.06,Four Star
Eaternity: More than 150 ...,£51.75,Five Star
Buying In: The Secret ...,£37.80,Four Star
Brain on Fire: My ...,£49.32,Five Star
Abstract City,£56.37,Five Star
13 Hours: The Inside ...,£27.06,One Star
The Lonely City: Adventures ...,£33.26,Two Star
The Diary of a ...,£59.90,Three Star
Snatched: How A Drug ...,£21.21,Three Star
Furiously Happy: A Funny ...,£41.46,Four Star
The Sleep Revolution: Transforming ...,£11.68,Four Star
"Mother, Can You Not?",£16.89,Five Star
A Mother's Reckoning: Living ...,£19.53,Three Star
10% Happier: How I ...,£24.57,Two Star
Chernobyl 01:23:40: The Incredible ...,£35.92,Two Star
Zero to One: Notes ...,£34.06,Three Star
Why Not Me?,£17.76,One Star
When Breath Becomes Air,£39.36,Two Star
"The Midnight Assassin: Panic, ...",£28.45,Four Star
Smarter Faster Better: The ...,£38.89,Five Star
Rising Strong,£21.82,Three Star
Man's Search for Meaning,£29.48,Three Star
Love That Boy: What ...,£25.06,Two Star
Living Forward: A Proven ...,£12.55,Three Star
I Will Find You,£44.21,One Star
Brazen: The Courage to ...,£19.22,Two Star
Between the World and ...,£56.91,Four Star
Being Mortal: Medicine and ...,£55.06,Four Star
A Murder Over a ...,£13.20,Three Star
For the Love: Fighting ...,£45.13,Three Star
Finding God in the ...,£46.64,Two Star
The Man Who Mistook ...,£59.45,Four Star
In Cold Blood,£49.98,Four Star
"Girl, Interrupted",£42.14,Three Star
Why Save the Bankers?: ...,£48.67,Two Star
Talking to Girls About ...,£25.15,Four Star
My Mother Was Nuts,£31.63,Four Star
"Data, A Love Story: ...",£32.35,Three Star
The Jazz of Physics: ...,£38.71,Three Star
The Gunning of America: ...,£16.81,Four Star
The Geography of Bliss: ...,£28.23,Two Star
God Is Not Great: ...,£27.80,One Star
We the People: The ...,£31.95,Three Star
Very Good Lives: The ...,£50.66,Three Star
"Unstuffed: Decluttering Your Home, ...",£58.09,One Star
Under the Banner of ...,£30.00,One Star
Trespassing Across America: One ...,£53.51,One Star
The Name of God ...,£37.25,Two Star
Stiff: The Curious Lives ...,£36.74,Three Star
Spilled Milk: Based on ...,£49.51,One Star
Rise of the Rocket ...,£41.67,Four Star
Outliers: The Story of ...,£14.16,One Star
Notes from a Small ...,£40.17,One Star
Night (The Night Trilogy ...,£13.51,One Star
Miracles from Heaven: A ...,£57.83,One Star
Letter to a Christian ...,£22.20,One Star
Let's Pretend This Never ...,£45.11,One Star
It's Never Too Late ...,£42.38,One Star
Into the Wild,£56.70,Five Star
In the Garden of ...,£28.85,Three Star
I Am Malala: The ...,£28.88,Two Star
Gratitude,£26.66,Five Star
Disrupted: My Misadventure in ...,£15.28,Five Star
Brave Enough,£51.32,Five Star
Born to Run: A ...,£27.35,Two Star
Blink: The Power of ...,£21.74,Five Star
Black Flags: The Rise ...,£40.87,One Star
Are We Smart Enough ...,£56.58,One Star
A Walk in the ...,£30.48,Four Star
The Suffragettes (Little Black ...,£11.89,Two Star
Kindle Paperwhite User's Guide,£34.00,Three Star
H is for Hawk,£57.42,Five Star
Travels with Charley: In ...,£57.82,Five Star
The Tumor,£41.56,Five Star
The End of the ...,£14.40,One Star
"Eat, Pray, Love",£51.32,Three Star
The Coming Woman: A ...,£17.93,Three Star
The Boys in the ...,£22.60,Four Star
Starving Hearts (Triangular Trade ...,£13.99,Two Star
America's Cradle of Quarterbacks: ...,£22.50,Three Star
Aladdin and His Wonderful ...,£53.13,Three Star
Penny Maybe,£33.29,Three Star
Maude (1883-1993):She Grew Up ...,£18.02,Two Star
The Inefficiency Assassin: Time ...,£20.59,Five Star
Soul Reader,£39.58,Two Star
Bossypants,£49.46,Two Star
A World of Flavor: ...,£42.95,One Star
"A Piece of Sky, ...",£56.76,Five Star
Tracing Numbers on a ...,£41.60,Three Star
Thirteen Reasons Why,£52.72,One Star
The Secret (The Secret ...,£27.37,Four Star
The Psychopath Test: A ...,£36.00,Two Star
The Kite Runner,£41.82,Four Star
The Girl on the ...,£55.02,Two Star
The Emerald Mystery,£23.15,Two Star
The Bridge to Consciousness: ...,£32.00,Three Star
The Art of War,£33.34,Five Star
Secrets and Lace (Fatal ...,£20.27,One Star
Romero and Juliet: A ...,£36.94,One Star
Poses for Artists Volume ...,£41.06,One Star
Miss Peregrineâs Home for ...,£10.76,One Star
Large Print Heart of ...,£19.15,Two Star
Grumbles,£22.16,Two Star
First Steps for New ...,£29.00,One Star
Eureka Trivia 6.0,£54.59,Four Star
Drive: The Surprising Truth ...,£34.95,Four Star
Done Rubbed Out (Reightman ...,£37.72,Five Star
Beauty Restored (Riley Family ...,£11.11,Two Star
Ayumi's Violin,£15.48,Two Star
Anonymous,£46.82,Four Star
Amy Meets the Saints ...,£18.46,Three Star
Amatus,£50.54,Five Star
V for Vendetta (V ...,£37.10,Four Star
Unbroken: A World War ...,£45.95,Two Star
The Wright Brothers,£56.80,Four Star
The Songs of the ...,£44.48,Five Star
The Rosie Project (Don ...,£54.04,One Star
The Power of Habit: ...,£16.88,Three Star
Steve Jobs,£39.50,Five Star
Luckiest Girl Alive,£49.83,Three Star
Living Leadership by Insight: ...,£46.91,Four Star
Lady Midnight (The Dark ...,£16.28,Five Star
"Hush, Hush (Hush, Hush ...",£47.02,Three Star
Greek Mythic History,£10.23,Five Star
Every Last Word,£46.47,Three Star
Daily Fantasy Sports,£36.58,One Star
Clockwork Angel (The Infernal ...,£44.14,One Star
City of Fallen Angels ...,£11.23,Four Star
City of Bones (The ...,£43.28,One Star
City of Ashes (The ...,£47.27,One Star
"Carry On, Warrior: Thoughts ...",£31.85,Three Star
Carrie,£46.23,Two Star
Angels & Demons (Robert ...,£51.48,Three Star
"The Three Searches, Meaning, ...",£13.33,Three Star
Raspberry Pi Electronics Projects ...,£49.67,Four Star
How to Speak Golf: ...,£58.32,Five Star
Eleanor & Park,£56.51,Five Star
Troublemaker: Surviving Hollywood and ...,£48.39,Two Star
Adultery,£20.88,Five Star
Unlimited Intuition Now,£58.87,Four Star
Underlying Notes,£11.82,Two Star
The New Brand You: ...,£44.05,Five Star
The Flowers Lied,£16.68,Two Star
NaNo What Now? Finding ...,£10.41,Four Star
Modern Day Fables,£47.44,Two Star
The Unlikely Pilgrimage of ...,£43.62,Five Star
The Martian (The Martian ...,£41.39,Two Star
Left Behind (Left Behind ...,£40.72,Two Star
John Vassos: Industrial Design ...,£20.22,Four Star
I'll Give You the ...,£56.48,One Star
Heaven is for Real: ...,£52.86,Two Star
Ender's Game (The Ender ...,£43.64,One Star
Death by Leisure: A ...,£37.51,Four Star
Wildlife of New York: ...,£22.14,Two Star
The Year of Living ...,£34.72,One Star
The Great Gatsby,£36.05,Four Star
The Good Girl,£49.03,Three Star
The 7 Habits of ...,£33.17,Four Star
Steal Like an Artist: ...,£20.90,Two Star
Life of Pi,£13.22,Four Star
The Sound Of Love,£57.84,Five Star
The Perks of Being ...,£55.02,Three Star
The Makings of a ...,£31.58,Two Star
The Hobbit (Middle-Earth Universe),£17.80,Five Star
The Fellowship of the ...,£10.27,Two Star
Ship Leaves Harbor: Essays ...,£30.60,Three Star
Musicophilia: Tales of Music ...,£46.58,One Star
What If?: Serious Scientific ...,£53.68,Four Star
The Fault in Our ...,£47.22,One Star
The Dream Thieves (The ...,£34.50,One Star
The 5th Wave (The ...,£11.83,Two Star
Shiver (The Wolves of ...,£16.23,Five Star
Remember Me?,£11.48,Three Star
If I Stay (If ...,£38.13,Five Star
I Know Why the ...,£36.55,Two Star
Harry Potter and the ...,£23.32,One Star
Fool Me Once,£16.96,One Star
Drama,£38.70,Two Star
"Blue Lily, Lily Blue ...",£34.13,Five Star
Alight (The Generations Trilogy ...,£58.59,Four Star
Vogue Colors A to ...,£52.35,Four Star
The Shining (The Shining ...,£27.88,Three Star
The Hunger Games (The ...,£29.85,Five Star
Outlander (Outlander #1),£19.67,Five Star
Mockingjay (The Hunger Games ...,£20.44,Four Star
Harry Potter and the ...,£13.90,Three Star
Confessions of a Shopaholic ...,£48.94,Two Star
Zero History (Blue Ant ...,£34.77,One Star
World War Z: An ...,£21.80,One Star
Wild: From Lost to ...,£46.02,Three Star
"Where'd You Go, Bernadette",£18.13,One Star
Twilight (Twilight #1),£41.93,Two Star
The Paris Wife,£36.80,Three Star
The Maze Runner (The ...,£20.93,One Star
The Lover's Dictionary,£58.09,Two Star
The Goldfinch,£43.58,Three Star
The Giver (The Giver ...,£12.30,One Star
The Girl Who Played ...,£22.14,Two Star
The Demon-Haunted World: Science ...,£52.25,Four Star
The Book Thief,£53.49,Two Star
The Autobiography of Malcolm ...,£23.43,Two Star
Shopaholic & Baby (Shopaholic ...,£46.45,Two Star
Quiet: The Power of ...,£43.55,One Star
Packing for Mars: The ...,£56.68,Two Star
Orange Is the New ...,£24.61,Two Star
One for the Money ...,£32.87,Two Star
Morning Star (Red Rising ...,£29.40,One Star
Life After Life,£26.13,Two Star
"Lean In: Women, Work, ...",£25.02,One Star
Is Everyone Hanging Out ...,£20.11,Three Star
Gone Girl,£37.60,Five Star
Fellside,£38.62,One Star
Eclipse (Twilight #3),£18.74,One Star
Dracula,£52.62,Three Star
Dead Wake: The Last ...,£39.24,Five Star
"David and Goliath: Underdogs, ...",£17.81,One Star
Dark Places,£23.90,Five Star
Breaking Dawn (Twilight #4),£35.28,Five Star
Beautiful Creatures (Caster Chronicles ...,£21.55,Five Star
A Visit from the ...,£14.08,Five Star
The Zombie Room,£19.69,Five Star
The Name of the ...,£50.59,Three Star
Taking Shots (Assassins #1),£18.88,Two Star
Shatter Me (Shatter Me ...,£42.40,One Star
Paradise Lost (Paradise #1),£24.96,One Star
On the Road (Duluoz ...,£32.36,Three Star
Jane Eyre,£38.43,Five Star
Frankenstein,£38.00,Two Star
The Torch Is Passed: ...,£19.09,One Star
The Mindfulness and Acceptance ...,£23.89,Four Star
The Art Forger,£40.76,Three Star
On a Midnight Clear,£14.07,Three Star
Judo: Seven Steps to ...,£53.90,Two Star
"Shobu Samurai, Project Aryoku ...",£29.06,Three Star
Modern Romance,£28.26,Five Star
The White Queen (The ...,£25.91,Five Star
The Song of Achilles,£37.40,Five Star
The Immortal Life of ...,£40.67,Two Star
The Dovekeepers,£48.78,One Star
More Than Music (Chasing ...,£37.61,Two Star
Code Name Verity (Code ...,£22.13,Four Star
Cell,£20.29,Four Star
Angels Walking (Angels Walking ...,£34.20,Two Star
A Series of Catastrophes ...,£56.48,Two Star
A People's History of ...,£40.79,Two Star
A Brush of Wings ...,£55.51,One Star
Rook,£37.86,Four Star
The Midnight Watch: A ...,£26.20,One Star
The Gray Rhino: How ...,£59.15,Four Star
The Children,£11.88,Three Star
One with You (Crossfire ...,£15.71,Four Star
Without Shame,£48.27,Five Star
Watchmen,£58.05,Four Star
A Hero's Curse (The ...,£50.49,Three Star
23 Degrees South: A ...,£35.79,Two Star
The Glass Castle,£16.24,One Star
The Drowning Girls,£35.67,Three Star
Team of Rivals: The ...,£20.12,Five Star
John Adams,£57.43,Four Star
Good in Bed (Cannie ...,£37.05,Five Star
The Joy of Cooking,£43.27,Four Star
The Golden Compass (His ...,£18.77,One Star
The God Delusion,£46.85,Three Star
Pride and Prejudice,£19.27,Four Star
Mere Christianity,£48.51,Three Star
Fun Home: A Family ...,£56.59,Four Star
The Raven King (The ...,£30.57,Two Star
Find Her (Detective D.D. ...,£22.37,One Star
Evicted: Poverty and Profit ...,£42.27,One Star
A Game of Thrones ...,£46.42,Two Star
A Clash of Kings ...,£10.79,Three Star
The Tipping Point: How ...,£10.02,Two Star
The Rest Is Noise: ...,£34.77,One Star
The Purpose Driven Life: ...,£37.19,Three Star
The Hitchhiker's Guide to ...,£47.80,Three Star
The Girl Who Kicked ...,£57.48,One Star
The End of Faith: ...,£22.13,Four Star
The Complete Poems,£41.32,Five Star
The Catcher in the ...,£24.55,One Star
The Case for Christ ...,£47.84,One Star
The Blind Side: Evolution ...,£53.71,Five Star
Seven Days in the ...,£52.33,Two Star
Sarah's Key,£46.29,One Star
Rogue Lawyer (Rogue Lawyer ...,£50.11,Three Star
Manuscript Found in Accra,£34.98,Two Star
Fire Bound (Sea Haven/Sisters ...,£21.28,Four Star
Cosmos,£36.17,Two Star
#GIRLBOSS,£50.96,One Star
The Sense of an ...,£31.38,Three Star
The Republic,£33.78,Three Star
The Odyssey,£29.64,Three Star
The Light of the ...,£54.43,One Star
The Iliad,£16.16,One Star
The Communist Manifesto,£14.76,Three Star
Lord of the Flies,£24.89,Three Star
Unicorn Tracks,£18.78,Three Star
"Saga, Volume 6 (Saga ...",£25.02,Three Star
Princess Between Worlds (Wide-Awake ...,£13.34,Five Star
Masks and Shadows,£56.40,Two Star
Crown of Midnight (Throne ...,£43.29,Three Star
Avatar: The Last Airbender: ...,£28.09,Two Star
A Court of Thorns ...,£52.37,One Star
Throne of Glass (Throne ...,£35.07,Three Star
The Glittering Court (The ...,£44.28,One Star
Hollow City (Miss Peregrineâs ...,£42.98,One Star
The Star-Touched Queen,£46.02,Five Star
The Hidden Oracle (The ...,£52.26,Two Star
The Bane Chronicles (The ...,£44.73,Four Star
Island of Dragons (Unwanteds ...,£29.65,One Star
Demigods & Magicians: Percy ...,£37.51,Five Star
City of Glass (The ...,£56.02,Four Star
Searching for Meaning in ...,£38.73,One Star
The Star-Touched Queen,£32.30,Five Star
A Shard of Ice ...,£56.63,Three Star
King's Folly (The Kinsman ...,£39.61,Five Star
Every Heart a Doorway ...,£12.16,Five Star
A Gathering of Shadows ...,£44.81,Four Star
The Raven Boys (The ...,£57.74,Four Star
The False Prince (The ...,£56.00,Five Star
Tell the Wind and ...,£45.51,Three Star
A Feast for Crows ...,£17.21,Four Star
The Demonists (Demonist #1),£52.11,Two Star
The Beast (Black Dagger ...,£46.08,Five Star
Paper and Fire (The ...,£49.45,Five Star
Harry Potter and the ...,£31.63,Four Star
Harry Potter and the ...,£48.75,Five Star
Harry Potter and the ...,£14.74,One Star
The Rose & the ...,£58.64,Four Star
Soldier (Talon #3),£24.72,Two Star
Midnight Riot (Peter Grant/ ...,£55.46,Two Star
Heir to the Sky,£44.07,Four Star
Eragon (The Inheritance Cycle ...,£43.87,Three Star
Darkfever (Fever #1),£56.02,One Star
Ash,£22.06,Four Star
A Storm of Swords ...,£31.22,Two Star
Vampire Girl (Vampire Girl ...,£53.82,Two Star
The Silent Twin (Detective ...,£36.25,Three Star
The Mirror & the ...,£29.38,One Star
Sister Sable (The Mad ...,£13.33,Three Star
Shadow Rites (Jane Yellowrock ...,£21.72,Four Star
Origins (Alphas 0.5),£28.99,One Star
One Second (Seven #7),£52.94,Two Star
Myriad (Prentor #1),£58.75,Four Star
The Requiem Red,£22.65,One Star
Set Me Free,£17.46,Five Star
The Natural History of ...,£45.22,Three Star
Obsidian (Lux #1),£14.86,Two Star
Burning,£28.81,Three Star
A Fierce and Subtle ...,£28.13,Four Star
Scarlett Epstein Hates It ...,£43.55,Five Star
"Nightingale, Sing",£38.28,One Star
Library of Souls (Miss ...,£48.56,Five Star
Frostbite (Vampire Academy #2),£29.99,Five Star
Wild Swans,£14.36,Two Star
Until Friday Night (The ...,£46.31,Two Star
This Is Where It ...,£27.12,Two Star
The Darkest Lie,£35.35,Five Star
My Kind of Crazy,£40.36,One Star
Don't Get Caught,£55.35,One Star
Catching Jordan (Hundred Oaks),£50.83,Three Star
Aristotle and Dante Discover ...,£58.14,Four Star
The Epidemic (The Program ...,£14.44,Five Star
Stars Above (The Lunar ...,£48.05,Two Star
No Love Allowed (Dodge ...,£54.65,Four Star
"Exit, Pursued by a ...",£51.34,Four Star
The Alien Club,£54.40,One Star
Don't Forget Steven,£33.23,One Star
South of Sunshine,£28.93,One Star
My Life Next Door ...,£36.39,Five Star
Future Shock (Future Shock ...,£55.65,Five Star
Nightstruck: A Novel,£50.35,Four Star
Tell the Wolves I'm ...,£50.96,Two Star
"Will Grayson, Will Grayson ...",£47.31,Four Star
Where She Went (If ...,£41.73,Four Star
Two Summers,£14.64,One Star
The Darkest Corners,£11.33,Five Star
Tell Me Three Things,£41.81,One Star
Lola and the Boy ...,£23.63,Four Star
Kill the Boy Band,£15.52,Five Star
Isla and the Happily ...,£48.13,Five Star
An Abundance of Katherines,£10.00,Five Star
Harry Potter and the ...,£24.17,Four Star
Walk the Edge (Thunder ...,£32.36,Three Star
Two Boys Kissing,£32.74,Two Star
The New Guy (and ...,£44.92,Three Star
"The Land of 10,000 ...",£29.64,Four Star
Scarlet (The Lunar Chronicles ...,£14.57,Four Star
Legend (Legend #1),£43.69,Four Star
Lady Renegades (Rebel Belle ...,£53.04,Five Star
Golden (Heart of Dread ...,£42.21,Four Star
Cinder (The Lunar Chronicles ...,£26.09,One Star
Boy Meets Boy,£21.12,Three Star
Annie on My Mind,£36.83,Five Star
New Moon (Twilight #2),£12.86,Four Star
Girl Online On Tour ...,£53.47,One Star
The Haters,£27.89,Five Star
The Art of Not ...,£40.83,Four Star
Foolproof Preserving: A Guide ...,£30.52,Three Star
The Pioneer Woman Cooks: ...,£56.41,One Star
My Paris Kitchen: Recipes ...,£33.37,Two Star
Mama Tried: Traditional Italian ...,£14.02,Four Star
"Layered: Baking, Building, and ...",£40.11,One Star
The Nerdy Nummies Cookbook: ...,£37.34,Five Star
The Love and Lemons ...,£37.60,Two Star
The Cookies & Cups ...,£41.25,One Star
Deliciously Ella Every Day: ...,£42.16,Three Star
The Help Yourself Cookbook ...,£28.77,Three Star
"It's All Easy: Healthy, ...",£19.55,One Star
Barefoot Contessa Back to ...,£28.01,One Star
Barefoot Contessa at Home: ...,£50.62,Five Star
My Kitchen Year: 136 ...,£11.53,Two Star
Everyday Italian: 125 Simple ...,£20.10,Five Star
A la Mode: 120 ...,£38.77,One Star
Cravings: Recipes for What ...,£20.50,Three Star
The Moosewood Cookbook: Recipes ...,£12.34,Four Star
32 Yolks,£53.63,Two Star
Naturally Lean: 125 Nourishing ...,£11.38,Five Star
How to Cook Everything ...,£46.01,Four Star
How to Be a ...,£28.25,Two Star
The Barefoot Contessa Cookbook,£59.92,Five Star
Better Homes and Gardens ...,£39.61,Three Star
The Power Greens Cookbook: ...,£11.05,Five Star
Mexican Today: New and ...,£24.91,Five Star
Vegan Vegetarian Omnivore: Dinner ...,£13.66,Two Star
The Smitten Kitchen Cookbook,£23.59,One Star
The Art of Simple ...,£34.32,Three Star
Hungry Girl Clean & ...,£33.14,Three Star
